PDB_ID,Model,ChainHeavy,ChainLight,ChainAntigen,DockQ,iRMSD,LRMSD,fnat,RMSD
1hez,1hez_H_L_A_0.pdb,H,L,A,0.06779424202381866,11.940443006565458,18.982893466001535,0.020833333333333332,8.728858511558851
1hez,1hez_H_L_A_1.pdb,H,L,A,0.06772912592049125,11.962645154982857,18.99235665482334,0.020833333333333332,8.728979655076323
1hez,1hez_H_L_A_2.pdb,H,L,A,0.06775014545527401,11.92154339476734,18.99523926948106,0.020833333333333332,8.73741295382981
1hez,1hez_H_L_A_3.pdb,H,L,A,0.06783920741855716,11.932396682370355,18.975101647749828,0.020833333333333332,8.724142929645991
1hez,1hez_H_L_A_4.pdb,H,L,A,0.06774125954562756,11.925586944114311,18.996350072281594,0.020833333333333332,8.72766350255872
1hez,1hez_H_L_A_5.pdb,H,L,A,0.07489253047759296,11.901792362575113,18.95823052305592,0.041666666666666664,8.717387976847752
1hez,1hez_H_L_A_6.pdb,H,L,A,0.06799303750319274,11.893282010937646,18.950560257830062,0.020833333333333332,8.720073479357735
1hez,1hez_H_L_A_7.pdb,H,L,A,0.0675452671669049,11.945990698961209,19.033037446383656,0.020833333333333332,8.749980661734721
1hez,1hez_H_L_A_8.pdb,H,L,A,0.06780915931810222,11.909736264486972,18.985227900661926,0.020833333333333332,8.724400771748417
1hez,1hez_H_L_A_9.pdb,H,L,A,0.06773109212306393,11.934915470102041,18.996797294607784,0.020833333333333332,8.749245261121827
2r6p,2r6p_H_L_A_0.pdb,H,L,A,0.3275912369269797,1.8921833456547348,24.547163938447635,0.4897959183673469,11.83865510174033
2r6p,2r6p_H_L_A_1.pdb,H,L,A,0.3658077882514866,1.8283038305096004,25.04657596272247,0.5918367346938775,11.671092537383798
2r6p,2r6p_H_L_A_2.pdb,H,L,A,0.36114551762852215,1.8265638880201345,24.27222450534859,0.5714285714285714,10.569696392089012
2r6p,2r6p_H_L_A_3.pdb,H,L,A,0.3489788205999636,1.868461387684354,24.948058744666184,0.5510204081632653,11.42145930366199
2r6p,2r6p_H_L_A_4.pdb,H,L,A,0.3524107081993649,1.8609754084147883,23.88738072834697,0.5510204081632653,11.172927179304695
2r6p,2r6p_H_L_A_5.pdb,H,L,A,0.3378964136270835,1.8334909244960766,40.94682357779552,0.5714285714285714,18.314367394709496
2r6p,2r6p_H_L_A_6.pdb,H,L,A,0.3218637481989382,1.891995663947948,31.118824565537277,0.5102040816326531,12.55777463281944
2r6p,2r6p_H_L_A_7.pdb,H,L,A,0.3567269679443714,1.85339306070861,57.554106280804454,0.6530612244897959,26.818808322800557
2r6p,2r6p_H_L_A_8.pdb,H,L,A,0.37861421310565496,1.8484447462132592,22.33147730160775,0.6122448979591837,10.808227139968373
2r6p,2r6p_H_L_A_9.pdb,H,L,A,0.3820995597469854,1.8414020994669686,21.500145120745096,0.6122448979591837,10.611204215577974
3ehb,3ehb_H_L_A_0.pdb,H,L,A,0.9398165118223436,0.4935293592596078,1.2257220189706985,0.9375,0.7769024955376621
3ehb,3ehb_H_L_A_1.pdb,H,L,A,0.9317307148810824,0.5098109621293636,1.1482572519926708,0.9166666666666666,0.8980825472562278
3ehb,3ehb_H_L_A_2.pdb,H,L,A,0.9351500011016368,0.5378013174193604,1.1555197363382752,0.9375,0.7698353846411561
3ehb,3ehb_H_L_A_3.pdb,H,L,A,0.9295226779521832,0.5293049020814531,1.130090420629876,0.9166666666666666,0.7887373267554121
3ehb,3ehb_H_L_A_4.pdb,H,L,A,0.9322067608684889,0.523828869416987,0.9106798490236016,0.9166666666666666,0.6924276054625322
3ehb,3ehb_H_L_A_5.pdb,H,L,A,0.9418060588296503,0.5079336409377252,0.8196171654544653,0.9375,0.7258095020508176
3ehb,3ehb_H_L_A_6.pdb,H,L,A,0.9345566614567363,0.5439228194339685,1.138385539814745,0.9375,0.8085864950386253
3ehb,3ehb_H_L_A_7.pdb,H,L,A,0.9542616298412016,0.45122883709833617,0.9588604960061099,0.9583333333333334,0.6656384242155352
3ehb,3ehb_H_L_A_8.pdb,H,L,A,0.9472890733630898,0.4625604917321441,0.8007250298266787,0.9375,0.6312592677615264
3ehb,3ehb_H_L_A_9.pdb,H,L,A,0.9261197712269326,0.5258723478202932,1.4651080979284068,0.9166666666666666,0.820894343632946
4k8r,4k8r_H_L_A_0.pdb,H,L,A,0.003987907948138045,24.759936425161055,92.8721522815526,0,33.06903576888772
4k8r,4k8r_H_L_A_1.pdb,H,L,A,0.004005280446840477,24.451069495380807,93.10128656486384,0,33.01443141822567
4k8r,4k8r_H_L_A_2.pdb,H,L,A,0.0040044423836823355,24.439642159891704,93.13541985153152,0,32.78205144317539
4k8r,4k8r_H_L_A_3.pdb,H,L,A,0.020692664386664585,12.050540122391997,38.35215418021728,0,14.382923522182862
4k8r,4k8r_H_L_A_4.pdb,H,L,A,0.015371338853787844,14.591434707750626,44.20427852744097,0,19.57071308773539
4k8r,4k8r_H_L_A_5.pdb,H,L,A,0.003984646022836294,24.7683893153791,92.91332477665748,0,32.98867247278377
4k8r,4k8r_H_L_A_6.pdb,H,L,A,0.004017507643186934,24.509804553726116,92.79298978660071,0,33.19251812853573
4k8r,4k8r_H_L_A_7.pdb,H,L,A,0.0040081767410962985,24.48458252644183,92.99411099245111,0,32.812232978392274
4k8r,4k8r_H_L_A_8.pdb,H,L,A,0.00370404153756545,26.06578605122711,95.7967321028173,0,29.01846165767383
4k8r,4k8r_H_L_A_9.pdb,H,L,A,0.05487082828791536,7.479353414364726,32.93315635995049,0.06349206349206349,12.605092308625503
4l5f,4l5f_H_L_A_0.pdb,H,L,A,0.8354174214255883,0.7119184945402784,1.7711244881996318,0.7317073170731707,0.9502288814158961
4l5f,4l5f_H_L_A_1.pdb,H,L,A,0.8774627144580602,0.754948362261894,1.8137242513792886,0.8780487804878049,0.8968987381247253
4l5f,4l5f_H_L_A_2.pdb,H,L,A,0.8679917233958561,0.6445803202402787,1.2338748723786137,0.7804878048780488,0.7395070274511603
4l5f,4l5f_H_L_A_3.pdb,H,L,A,0.8428405257686045,0.6679748785486049,1.6823391732784774,0.7317073170731707,0.8074757090940354
4l5f,4l5f_H_L_A_4.pdb,H,L,A,0.7994796562636531,0.8224607897206303,2.4676520438272838,0.7073170731707317,1.0880511858820598
4l5f,4l5f_H_L_A_5.pdb,H,L,A,0.8633917984479821,0.6797635172826291,1.2122530701318919,0.7804878048780488,0.9183820090989101
4l5f,4l5f_H_L_A_6.pdb,H,L,A,0.901829830516685,0.681450062106408,1.385184640953165,0.9024390243902439,0.7535601917033803
4l5f,4l5f_H_L_A_7.pdb,H,L,A,0.8743122199732977,0.787851835665441,1.7098285473287052,0.8780487804878049,0.9230031654632943
4l5f,4l5f_H_L_A_8.pdb,H,L,A,0.8896113617295804,0.656879050126131,1.33034793037246,0.8536585365853658,0.7142630224396952
4l5f,4l5f_H_L_A_9.pdb,H,L,A,0.8456221269685389,0.7255607966134993,2.0310560038865773,0.7804878048780488,0.9037313328426033
4o58,4o58_H_L_A_0.pdb,H,L,A,0.7113958593346724,1.1369251438654429,5.050666719685705,0.76,2.3672447230652476
4o58,4o58_H_L_A_1.pdb,H,L,A,0.7604530836911924,0.9842324260228674,5.007964174590699,0.84,2.4740277455795425
4o58,4o58_H_L_A_2.pdb,H,L,A,0.7524822509505836,0.9529093309802075,5.498669893436161,0.84,2.584156900189964
4o58,4o58_H_L_A_3.pdb,H,L,A,0.7299975016995085,1.2203476682727612,4.405306479184122,0.8,2.4990403248024204
4o58,4o58_H_L_A_4.pdb,H,L,A,0.682900185983498,1.1761479748264743,6.804618572409161,0.82,3.075119003892045
4o58,4o58_H_L_A_5.pdb,H,L,A,0.807882221092273,0.9498307291375242,3.2878352316271564,0.84,5.783935418842621
4o58,4o58_H_L_A_6.pdb,H,L,A,0.680800375228579,1.174385066916047,5.798467105926706,0.74,2.832202528601367
4o58,4o58_H_L_A_7.pdb,H,L,A,0.7626395674659697,1.1193203726542698,4.440621797956446,0.86,2.515225819160759
4o58,4o58_H_L_A_8.pdb,H,L,A,0.8320142460751034,0.8735751347863663,2.9987657916692534,0.86,2.25758827163482
4o58,4o58_H_L_A_9.pdb,H,L,A,0.7179875647239232,1.1763532663053822,4.582858891211046,0.76,2.416117548280767
4uv7,4uv7_H_L_A_0.pdb,H,L,A,0.5324705000187405,1.8010219461457322,8.055447009909889,0.6610169491525424,4.525663801328856
4uv7,4uv7_H_L_A_1.pdb,H,L,A,0.5753628503544027,1.9614746074877656,6.071423931249837,0.6949152542372882,4.93868324081558
4uv7,4uv7_H_L_A_2.pdb,H,L,A,0.5600729836956108,1.784223531418884,7.112839150328237,0.6779661016949152,3.3455684649597246
4uv7,4uv7_H_L_A_3.pdb,H,L,A,0.6040916571066801,1.807307564929568,6.828165536240166,0.7966101694915254,3.7518629412757964
4uv7,4uv7_H_L_A_4.pdb,H,L,A,0.4807720370356728,1.9834875987978104,10.399041317738183,0.6779661016949152,4.496496098949965
4uv7,4uv7_H_L_A_5.pdb,H,L,A,0.5173767802007926,2.5203887578398616,6.759317290590116,0.6779661016949152,4.4425675233353195
4uv7,4uv7_H_L_A_6.pdb,H,L,A,0.438958908965182,2.553733204639637,11.200500622721753,0.6949152542372882,5.036771589035175
4uv7,4uv7_H_L_A_7.pdb,H,L,A,0.48785385930993286,2.557562913826865,9.494337466357475,0.7627118644067796,4.309688264325317
4uv7,4uv7_H_L_A_8.pdb,H,L,A,0.46330912973391003,2.529006211389995,11.16375836619906,0.7627118644067796,4.586399331008929
4uv7,4uv7_H_L_A_9.pdb,H,L,A,0.453934838782305,2.5463474534104584,12.263044450029684,0.7796610169491526,4.9554253261526116
4ybq,4ybq_H_L_A_0.pdb,H,L,A,0.9004112125780837,0.5440999525711929,1.6029472897280699,0.8518518518518519,1.4097839278594595
4ybq,4ybq_H_L_A_1.pdb,H,L,A,0.8986185427426836,0.5312854393247025,1.389046566029707,0.8333333333333334,1.43090928733079
4ybq,4ybq_H_L_A_2.pdb,H,L,A,0.9111535438327488,0.5372980141112268,1.3097900172117576,0.8703703703703703,1.4950737491558586
4ybq,4ybq_H_L_A_3.pdb,H,L,A,0.8684352800621745,0.6002218846627243,1.6056297959863353,0.7777777777777778,1.4356882586082365
4ybq,4ybq_H_L_A_4.pdb,H,L,A,0.898595746752545,0.5449757864979424,1.2430537898632419,0.8333333333333334,1.2301008596554133
4ybq,4ybq_H_L_A_5.pdb,H,L,A,0.8916444895337166,0.5466050440948753,1.761458727879176,0.8333333333333334,1.308138003620666
4ybq,4ybq_H_L_A_6.pdb,H,L,A,0.9065592206226141,0.47080179221014024,0.6297222421959364,0.8148148148148148,1.3501545347262902
4ybq,4ybq_H_L_A_7.pdb,H,L,A,0.8858248420913223,0.6072125675348203,1.620256895731402,0.8333333333333334,1.5053789089946272
4ybq,4ybq_H_L_A_8.pdb,H,L,A,0.8868631240647918,0.5440586002724641,1.6885485551649986,0.8148148148148148,1.3569394561804637
4ybq,4ybq_H_L_A_9.pdb,H,L,A,0.8766943347199732,0.5906035397651798,1.9605176053526687,0.8148148148148148,1.3075109445877657
4ye4,4ye4_H_L_A_0.pdb,H,L,A,0.02061897862855852,11.806778362632954,46.02274321167463,0.012987012987012988,14.023329520804596
4ye4,4ye4_H_L_A_1.pdb,H,L,A,0.005789913333923864,21.191483439874204,75.90568345517417,0,26.680561409520173
4ye4,4ye4_H_L_A_2.pdb,H,L,A,0.021191157159865814,11.902345979146762,44.66376190156616,0.012987012987012988,14.100191765563384
4ye4,4ye4_H_L_A_3.pdb,H,L,A,0.005127922537286032,20.852671916873415,83.58325811898385,0,25.713838933170887
4ye4,4ye4_H_L_A_4.pdb,H,L,A,0.012929064451357974,14.482369188629495,49.92216379413255,0,15.934051506308315
4ye4,4ye4_H_L_A_5.pdb,H,L,A,0.005388310831952487,19.24660643486003,84.03399555787104,0,24.118859276384505
4ye4,4ye4_H_L_A_6.pdb,H,L,A,0.0053145030727800155,19.70301338857803,83.81087641027497,0,24.363605881395472
4ye4,4ye4_H_L_A_7.pdb,H,L,A,0.005408531828362296,19.170687821324442,83.97938403907104,0,24.287772638532463
4ye4,4ye4_H_L_A_8.pdb,H,L,A,0.03371503426687331,7.573673127833776,32.67014360035007,0,9.95918131067122
4ye4,4ye4_H_L_A_9.pdb,H,L,A,0.03012108732594927,7.810840775298835,35.302874908957115,0,10.668237137902738
4zfo,4zfo_H_L_A_0.pdb,H,L,A,0.07041530490143412,8.721917813565085,17.98890544488779,0,6.482219331844499
4zfo,4zfo_H_L_A_1.pdb,H,L,A,0.0650686657177371,8.948922285183455,18.924111657391375,0,6.685029556038322
4zfo,4zfo_H_L_A_2.pdb,H,L,A,0.0836225503140362,7.986837516804609,16.155828888176234,0,5.908990726878002
4zfo,4zfo_H_L_A_3.pdb,H,L,A,0.08295643432021658,7.797421493603663,16.329738445814055,0,5.92980432507884
4zfo,4zfo_H_L_A_4.pdb,H,L,A,0.0759178862343882,8.152827901873334,17.269658313273357,0,6.21397175981686
4zfo,4zfo_H_L_A_5.pdb,H,L,A,0.0772506545411544,8.302087898167738,16.992587797210042,0,6.189070612815895
4zfo,4zfo_H_L_A_6.pdb,H,L,A,0.07265890702217141,8.454902984281585,17.696356511735075,0,6.3661315663714
4zfo,4zfo_H_L_A_7.pdb,H,L,A,0.07632692351726567,8.13406180660388,17.210432987960694,0,6.197274998691175
4zfo,4zfo_H_L_A_8.pdb,H,L,A,0.07381446652824393,8.26245424677159,17.576763787621655,0,6.281420807960581
4zfo,4zfo_H_L_A_9.pdb,H,L,A,0.08304962286732166,7.537044298339485,16.434286317704526,0,5.888419401370962
4zxb,4zxb_H_L_A_0.pdb,H,L,A,0.6260328506128967,0.48518372432487733,34.39465090808031,0.9152542372881356,23.131958451040905
4zxb,4zxb_H_L_A_1.pdb,H,L,A,0.6388251337261917,0.5322092243342653,28.99571816160085,0.9491525423728814,26.51891389905758
4zxb,4zxb_H_L_A_2.pdb,H,L,A,0.7649441788536149,0.5044205675178584,9.448995476768589,0.9491525423728814,12.279326650946919
4zxb,4zxb_H_L_A_3.pdb,H,L,A,0.6919333251552016,0.5136933541813239,15.48184244192226,0.9491525423728814,19.12741126801599
4zxb,4zxb_H_L_A_4.pdb,H,L,A,0.6683313857636252,0.5165478275724154,19.342488385387338,0.9491525423728814,19.799468544881634
4zxb,4zxb_H_L_A_5.pdb,H,L,A,0.7517685688429011,0.4869355688224949,10.020807380703209,0.9322033898305084,15.151643176232872
4zxb,4zxb_H_L_A_6.pdb,H,L,A,0.7017808088306658,0.48688009685720846,15.35512124354275,0.9661016949152542,17.699624966087935
4zxb,4zxb_H_L_A_7.pdb,H,L,A,0.6370661464653228,0.4759465343968291,35.74693135163447,0.9491525423728814,22.91117161861223
4zxb,4zxb_H_L_A_8.pdb,H,L,A,0.6629925647484912,0.47728661264982947,21.819376922322824,0.9491525423728814,18.8066035675302
4zxb,4zxb_H_L_A_9.pdb,H,L,A,0.6365384095209313,0.4961268652284311,33.92405845814302,0.9491525423728814,27.842588681086465
5c0n,5c0n_H_L_A_0.pdb,H,L,A,0.031346869113378514,13.740566759539993,28.39053178004639,0,14.594834059448832
5c0n,5c0n_H_L_A_1.pdb,H,L,A,0.02819384609054834,14.31281715792448,30.13041532374325,0,14.984161894309974
5c0n,5c0n_H_L_A_2.pdb,H,L,A,0.028735811743125023,14.071016576705157,29.857234916786837,0,14.574607166624519
5c0n,5c0n_H_L_A_3.pdb,H,L,A,0.03676705685266495,13.087428476097681,25.884947423301337,0,12.893905428054337
5c0n,5c0n_H_L_A_4.pdb,H,L,A,0.08870896508365607,10.130043671472139,23.05400255788167,0.125,9.872413255142984
5c0n,5c0n_H_L_A_5.pdb,H,L,A,0.027608389030420056,14.172718340010146,30.573685034665814,0,15.109128909101042
5c0n,5c0n_H_L_A_6.pdb,H,L,A,0.07178912891133236,7.1036097326299465,22.73039505212396,0.05,7.81492852960237
5c0n,5c0n_H_L_A_7.pdb,H,L,A,0.02553039253012629,14.616734187744397,31.931811414112172,0,15.325331328625852
5c0n,5c0n_H_L_A_8.pdb,H,L,A,0.06942405258244334,7.934633450517731,20.332423858619002,0.025,8.244834610643236
5c0n,5c0n_H_L_A_9.pdb,H,L,A,0.03734210951274356,12.137176179357118,25.937063594891196,0,13.786754769937634
5e8e,5e8e_H_L_A_0.pdb,H,L,A,0.1746121813224276,5.154045720708812,16.007603382084184,0.22580645161290322,7.2395164488008135
5e8e,5e8e_H_L_A_1.pdb,H,L,A,0.18490395000204093,4.581983504422099,14.17902177422032,0.1935483870967742,5.853214299012742
5e8e,5e8e_H_L_A_2.pdb,H,L,A,0.2447689775738847,4.758142781382402,14.45973947143204,0.3870967741935484,6.53493812517812
5e8e,5e8e_H_L_A_3.pdb,H,L,A,0.28744246775983845,3.544258733226994,14.384511669887976,0.45161290322580644,4.915193625800877
5e8e,5e8e_H_L_A_4.pdb,H,L,A,0.006378869040008749,16.290658486828825,81.6175579941051,0,18.792977816468845
5e8e,5e8e_H_L_A_5.pdb,H,L,A,0.16525484874814123,4.917637183999682,14.747843294744781,0.16129032258064516,6.445077873431518
5e8e,5e8e_H_L_A_6.pdb,H,L,A,0.178464664983867,5.009333454689746,15.671971176393374,0.22580645161290322,6.906802055458102
5e8e,5e8e_H_L_A_7.pdb,H,L,A,0.217994497528061,4.6411979240853,15.258556047594498,0.3225806451612903,6.799933740086994
5e8e,5e8e_H_L_A_8.pdb,H,L,A,0.2381223874295366,4.490285987677123,15.690737746341107,0.3870967741935484,6.720569209913596
5e8e,5e8e_H_L_A_9.pdb,H,L,A,0.19656925402147654,3.886084124719283,21.292510959359028,0.3225806451612903,5.831247796928535
5kema,5kema_H_L_A_0.pdb,H,L,A,0.007184253032815681,17.14053046272212,71.45616475954232,0,21.915321279132108
5kema,5kema_H_L_A_1.pdb,H,L,A,0.006747654326589897,17.52944600909784,74.13917734071671,0,22.020243142959597
5kema,5kema_H_L_A_2.pdb,H,L,A,0.009677436037995082,14.86467661886581,61.15555681310472,0,24.676988988228462
5kema,5kema_H_L_A_3.pdb,H,L,A,0.006435842070009915,18.034959540431466,75.74162835000242,0,21.81700923124725
5kema,5kema_H_L_A_4.pdb,H,L,A,0.11182445223390136,7.520476270353519,24.589607696384423,0.19047619047619047,9.810302511053784
5kema,5kema_H_L_A_5.pdb,H,L,A,0.007972467482163102,16.08549210790272,68.19866442732094,0,21.34099375980722
5kema,5kema_H_L_A_6.pdb,H,L,A,0.00721831749040826,16.921408008805283,71.70248120141702,0,21.506478528813396
5kema,5kema_H_L_A_7.pdb,H,L,A,0.007944563084155665,16.37714432127261,67.7101701075179,0,21.631265761844503
5kema,5kema_H_L_A_8.pdb,H,L,A,0.007227567722228959,16.82756729031046,71.8571253454526,0,20.39964373363093
5kema,5kema_H_L_A_9.pdb,H,L,A,0.015016884216142478,11.644126578890873,49.42486284561336,0,14.412683524307054
5myx,5myx_H_L_A_0.pdb,H,L,A,0.4217698818730021,3.7722933263605265,9.885273233208748,0.7037037037037037,2.5421001673896164
5myx,5myx_H_L_A_1.pdb,H,L,A,0.38273023784534704,3.8517485798525106,10.294284891069337,0.6111111111111112,2.641966960132744
5myx,5myx_H_L_A_2.pdb,H,L,A,0.37099986480024433,4.065161127617156,10.810205308223589,0.6111111111111112,2.863688528583646
5myx,5myx_H_L_A_3.pdb,H,L,A,0.3823316153111674,4.057984770441532,10.888809505832892,0.6481481481481481,2.811306310803126
5myx,5myx_H_L_A_4.pdb,H,L,A,0.36658845587881056,4.135729249967466,11.034555712904067,0.6111111111111112,2.828745345974063
5myx,5myx_H_L_A_5.pdb,H,L,A,0.3488087486700491,4.091104564294291,11.035295800733788,0.5555555555555556,2.8556764639972507
5myx,5myx_H_L_A_6.pdb,H,L,A,0.3226349370605867,4.35306685920733,11.757460604495368,0.5185185185185185,2.930774441233453
5myx,5myx_H_L_A_7.pdb,H,L,A,0.3299543360339055,4.216348930922543,11.357981913388588,0.5185185185185185,2.843049173192103
5myx,5myx_H_L_A_8.pdb,H,L,A,0.3705360417564038,4.067081391079685,10.839841900958003,0.6111111111111112,2.7928376108434243
5myx,5myx_H_L_A_9.pdb,H,L,A,0.3618360694680936,4.1938524674671385,11.309253440021154,0.6111111111111112,2.9577873317806316
5u8q,5u8q_H_L_A_0.pdb,H,L,A,0.7750669223772885,1.0691969585967602,4.0544455386521205,0.847457627118644,6.174159820977678
5u8q,5u8q_H_L_A_1.pdb,H,L,A,0.6991053320676537,1.1051458196422546,7.1629563712944035,0.864406779661017,7.2812884868119605
5u8q,5u8q_H_L_A_2.pdb,H,L,A,0.7531154600200649,1.1843109677199308,4.30454569421623,0.847457627118644,6.630899504162511
5u8q,5u8q_H_L_A_3.pdb,H,L,A,0.6592355960476112,1.300492885860483,7.80701164401499,0.864406779661017,6.747231891256336
5u8q,5u8q_H_L_A_4.pdb,H,L,A,0.711001317591958,1.254172953595976,5.60439075439246,0.847457627118644,8.736624496028252
5u8q,5u8q_H_L_A_5.pdb,H,L,A,0.8050650994736586,0.8884013049049828,4.5592118064883325,0.8983050847457628,6.5287103470131385
5u8q,5u8q_H_L_A_6.pdb,H,L,A,0.7461176195991029,0.8609544012897246,6.87100824177904,0.8813559322033898,7.606927601107711
5u8q,5u8q_H_L_A_7.pdb,H,L,A,0.7887950357943628,0.8814242546368785,4.794319158978537,0.864406779661017,6.329109247110522
5u8q,5u8q_H_L_A_8.pdb,H,L,A,0.7116709137158694,1.034099542736229,7.04531393975521,0.864406779661017,7.217157454215986
5u8q,5u8q_H_L_A_9.pdb,H,L,A,0.4523151896623319,1.5987322553256846,40.94376832779672,0.847457627118644,20.573638502386448
5xs7,5xs7_H_L_A_0.pdb,H,L,A,0.029998966363241803,9.9282283375015,39.6818548847032,0.023809523809523808,19.612837851031884
5xs7,5xs7_H_L_A_1.pdb,H,L,A,0.02702537224876914,8.602247020262853,36.453106893555486,0,15.013944268426599
5xs7,5xs7_H_L_A_2.pdb,H,L,A,0.06921534348780366,8.190507786040387,28.83342016516689,0.09523809523809523,13.66332524137001
5xs7,5xs7_H_L_A_3.pdb,H,L,A,0.029695637280559833,8.331250516939262,34.35353582932343,0,14.08034425422533
5xs7,5xs7_H_L_A_4.pdb,H,L,A,0.032464019236387184,16.10670746585487,27.229293262031383,0,16.986146209012777
5xs7,5xs7_H_L_A_5.pdb,H,L,A,0.04293208247547516,8.244195898602102,37.3929319477508,0.047619047619047616,16.897615446247023
5xs7,5xs7_H_L_A_6.pdb,H,L,A,0.10629186634908305,8.709815131187906,36.302028225561635,0.23809523809523808,14.78755702047581
5xs7,5xs7_H_L_A_7.pdb,H,L,A,0.025299110204212338,8.872033267023363,37.81025167304427,0,15.98843780733667
5xs7,5xs7_H_L_A_8.pdb,H,L,A,0.03228996699942404,12.005999147810194,45.38931777553673,0.047619047619047616,21.84952583604588
5xs7,5xs7_H_L_A_9.pdb,H,L,A,0.023847827192103276,13.822304843854864,33.67266250130661,0,19.851336706986874
6bpa,6bpa_H_L_A_0.pdb,H,L,A,0.007726627317667978,17.049761064317444,67.74413765496557,0,19.482342721553373
6bpa,6bpa_H_L_A_1.pdb,H,L,A,0.008664436997945432,16.30285999930803,63.50698051453929,0,19.06713235280398
6bpa,6bpa_H_L_A_2.pdb,H,L,A,0.006997950376456165,16.426233577834314,74.87333087329621,0,18.571257088798657
6bpa,6bpa_H_L_A_3.pdb,H,L,A,0.008917987879989524,17.3368906301004,60.55304959642875,0,21.839385080693965
6bpa,6bpa_H_L_A_4.pdb,H,L,A,0.019099338091314675,14.364005203396205,51.50809912872381,0.02,19.857096802569455
6bpa,6bpa_H_L_A_5.pdb,H,L,A,0.008502761923702433,17.483640382750693,62.42780041377106,0,23.68431055741917
6bpa,6bpa_H_L_A_6.pdb,H,L,A,0.008503210825230813,17.523226305383517,62.36835024925047,0,23.132238262815548
6bpa,6bpa_H_L_A_7.pdb,H,L,A,0.006398346468884116,18.787685015086424,74.46798941451345,0,22.135918391456865
6bpa,6bpa_H_L_A_8.pdb,H,L,A,0.007365296264793562,15.680775909093697,73.98220548173173,0,17.85681254609155
6bpa,6bpa_H_L_A_9.pdb,H,L,A,0.02615697340521593,11.84961117264543,32.86444053719638,0,10.849210988497175
6bpe,6bpe_H_L_A_0.pdb,H,L,A,0.4663880040502324,8.374006700792032,8.409861172230782,0.8627450980392157,5.028166813255012
6bpe,6bpe_H_L_A_1.pdb,H,L,A,0.7586669300226956,1.1928834164113078,3.9786476702604197,0.8431372549019608,2.349389170565562
6bpe,6bpe_H_L_A_2.pdb,H,L,A,0.8359761320583142,1.0355757927532523,2.9953779710389057,0.9411764705882353,1.9433328839368869
6bpe,6bpe_H_L_A_3.pdb,H,L,A,0.7650868020683642,1.1590050847709195,3.355500745458619,0.803921568627451,1.9571468810372576
6bpe,6bpe_H_L_A_4.pdb,H,L,A,0.8236461568727903,1.0380500728187496,2.9453024751424906,0.9019607843137255,1.8920211238452262
6bpe,6bpe_H_L_A_5.pdb,H,L,A,0.7872702087368028,1.154994465334827,3.267141393822173,0.8627450980392157,1.8065222905330212
6bpe,6bpe_H_L_A_6.pdb,H,L,A,0.8188543129690329,1.0483802633723605,3.0973715910799346,0.9019607843137255,1.7431850701584206
6bpe,6bpe_H_L_A_7.pdb,H,L,A,0.810857672858201,1.027568229167753,3.000075006690547,0.8627450980392157,1.673103661775599
6bpe,6bpe_H_L_A_8.pdb,H,L,A,0.7954079075186206,1.082965154364021,2.748497926675607,0.8235294117647058,1.6327943085886043
6bpe,6bpe_H_L_A_9.pdb,H,L,A,0.7850340615092269,1.1373295828049095,3.7401990602016486,0.8823529411764706,1.9944063536812018
6n5e,6n5e_H_L_A_0.pdb,H,L,A,0.01841703598730534,12.912544789840625,53.41780562674253,0.017241379310344827,19.082659954493195
6n5e,6n5e_H_L_A_1.pdb,H,L,A,0.01881226766957014,13.247806363861208,51.48117775987548,0.017241379310344827,19.31709993488149
6n5e,6n5e_H_L_A_2.pdb,H,L,A,0.013221545234692428,13.037544454712728,51.418496841621305,0,18.83940686486103
6n5e,6n5e_H_L_A_3.pdb,H,L,A,0.01918089347085704,12.789824919016004,51.28729041706543,0.017241379310344827,18.49407586987951
6n5e,6n5e_H_L_A_4.pdb,H,L,A,0.012633224471092936,15.149523429911573,49.905909864468235,0,21.644075385180148
6n5e,6n5e_H_L_A_5.pdb,H,L,A,0.01719766371305495,14.483173423517805,54.50928586688093,0.017241379310344827,21.506575661219664
6n5e,6n5e_H_L_A_6.pdb,H,L,A,0.022821516819505647,14.100380136241391,55.657558049805345,0.034482758620689655,20.88265578119408
6n5e,6n5e_H_L_A_7.pdb,H,L,A,0.01815789479791465,13.147686024207532,53.766498295861986,0.017241379310344827,19.380137453200017
6n5e,6n5e_H_L_A_8.pdb,H,L,A,0.011465237426517382,16.15945413032315,52.17674008183582,0,23.14095678011461
6n5e,6n5e_H_L_A_9.pdb,H,L,A,0.012408178527583247,15.73095373950552,49.88505121895509,0,22.57909622520813
6nyq,6nyq_H_L_A_0.pdb,H,L,A,0.007600573696412965,17.260968377560406,68.17601351194381,0,19.94198991490782
6nyq,6nyq_H_L_A_1.pdb,H,L,A,0.0591982460660146,10.07852491386606,30.077762162479452,0.08196721311475409,13.33923560999229
6nyq,6nyq_H_L_A_2.pdb,H,L,A,0.007911886025220605,16.46561523479481,67.73147335043735,0,18.570672989025926
6nyq,6nyq_H_L_A_3.pdb,H,L,A,0.007332582679460339,17.325713960488894,69.9331863803092,0,19.128901939721384
6nyq,6nyq_H_L_A_4.pdb,H,L,A,0.01643211834920091,11.483011600990753,46.362982969443905,0,13.159951141635805
6nyq,6nyq_H_L_A_5.pdb,H,L,A,0.00827788119031295,16.81789500364677,64.74905269535066,0,17.999598502501833
6nyq,6nyq_H_L_A_6.pdb,H,L,A,0.033866158727909344,15.216026399673446,40.200574121987586,0.04918032786885246,19.854979915201895
6nyq,6nyq_H_L_A_7.pdb,H,L,A,0.013837915453551494,12.833161977622158,50.04804925951374,0,14.545577374352405
6nyq,6nyq_H_L_A_8.pdb,H,L,A,0.008460835846182862,17.57696526997884,62.513476665197885,0,19.6629390046203
6nyq,6nyq_H_L_A_9.pdb,H,L,A,0.04057879270414758,8.478105595154686,26.802488162175056,0,7.79343995785133
6xpz,6xpz_H_L_A_0.pdb,H,L,A,0.009526240929991504,16.323839885567363,59.19026071062467,0,23.39674346825645
6xpz,6xpz_H_L_A_1.pdb,H,L,A,0.008469115086722219,13.913941348065043,71.5441109732911,0,17.51331726952113
6xpz,6xpz_H_L_A_2.pdb,H,L,A,0.009315887092694765,13.985512874180902,65.47288542147871,0,20.401780047059308
6xpz,6xpz_H_L_A_3.pdb,H,L,A,0.008241329982760878,15.281862915986318,68.46064165544128,0,21.503660031323626
6xpz,6xpz_H_L_A_4.pdb,H,L,A,0.006264725207868758,20.753142729798792,72.39716505693833,0,20.919019068518693
6xpz,6xpz_H_L_A_5.pdb,H,L,A,0.020534945699357748,11.48231553294081,52.06857855186762,0.018867924528301886,16.558350913566
6xpz,6xpz_H_L_A_6.pdb,H,L,A,0.009654732410313848,15.11990074274973,60.72255549726158,0,21.444938214171422
6xpz,6xpz_H_L_A_7.pdb,H,L,A,0.008635940541763143,13.672248027598753,71.29626893845507,0,17.405207999139876
6xpz,6xpz_H_L_A_8.pdb,H,L,A,0.008093003259419128,16.91318214500533,65.67524030744762,0,23.954958978475304
6xpz,6xpz_H_L_A_9.pdb,H,L,A,0.00781406428218411,16.401826355801944,68.53756091902292,0,22.852504187650432
6yio,6yio_H_L_A_0.pdb,H,L,A,0.8399206379552947,1.0314765469943064,2.45886896635699,0.9180327868852459,1.2736782472633612
6yio,6yio_H_L_A_1.pdb,H,L,A,0.8219596014123881,1.0398411422772722,3.0062320803937723,0.9016393442622951,1.6924663284976287
6yio,6yio_H_L_A_2.pdb,H,L,A,0.8443894651595558,0.9613620564444724,2.7330923643921152,0.9180327868852459,1.501597220092605
6yio,6yio_H_L_A_3.pdb,H,L,A,0.8307144764329394,1.0217038811586465,2.7150405602954364,0.9016393442622951,1.6084744586681288
6yio,6yio_H_L_A_4.pdb,H,L,A,0.8192183427748346,1.0290399024952843,2.9510621066981644,0.8852459016393442,1.6073614526058853
6yio,6yio_H_L_A_5.pdb,H,L,A,0.10658035627570972,9.242463172870837,28.63800055755603,0.21311475409836064,14.77555615229132
6yio,6yio_H_L_A_6.pdb,H,L,A,0.6248811860595122,1.7266709898683394,4.613849206607673,0.6721311475409836,2.2831446186171345
6yio,6yio_H_L_A_7.pdb,H,L,A,0.5830242025822027,1.8415844334999454,4.12671010953338,0.5409836065573771,2.234774652549962
6yio,6yio_H_L_A_8.pdb,H,L,A,0.6175568985763862,1.8581188547525185,3.776243777489328,0.6229508196721312,1.891660941924516
6yio,6yio_H_L_A_9.pdb,H,L,A,0.046674600298407025,13.39885142476065,33.04109237066367,0.06557377049180328,17.49831073832542
7c4s,7c4s_H_L_A_0.pdb,H,L,A,0.8946818094097972,0.7370440523050495,1.6653135297849426,0.9154929577464789,2.082666655174588
7c4s,7c4s_H_L_A_1.pdb,H,L,A,0.8947671709727564,0.7095495068171859,1.6009790100638965,0.9014084507042254,1.9832016422363574
7c4s,7c4s_H_L_A_2.pdb,H,L,A,0.8934135361094279,0.6953754239416765,1.8294806606462515,0.9014084507042254,1.9988244601599767
7c4s,7c4s_H_L_A_3.pdb,H,L,A,0.8826018687611791,0.7451593376293539,1.77050006107027,0.8873239436619719,1.994365303414856
7c4s,7c4s_H_L_A_4.pdb,H,L,A,0.909019697982162,0.6888434375446748,1.0227764915338018,0.9154929577464789,2.020176196004529
7c4s,7c4s_H_L_A_5.pdb,H,L,A,0.8991634070327313,0.7172145309285366,1.145548238877447,0.9014084507042254,2.751499158691773
7c4s,7c4s_H_L_A_6.pdb,H,L,A,0.8910353351023564,0.7137776580903215,1.8164641980797938,0.9014084507042254,2.0883109329208938
7c4s,7c4s_H_L_A_7.pdb,H,L,A,0.8925070010601375,0.762701001799363,1.1656692707641239,0.9014084507042254,1.9453309595361201
7c4s,7c4s_H_L_A_8.pdb,H,L,A,0.8955894095531486,0.7292693874121577,1.678792373226701,0.9154929577464789,1.886827705858688
7c4s,7c4s_H_L_A_9.pdb,H,L,A,0.903177082213405,0.6911469168943196,1.5162079306722538,0.9154929577464789,1.8370496928872104
7chz,7chz_H_L_A_0.pdb,H,L,A,0.033397882978653266,14.74463542467546,27.036485026633112,0,15.09273581262646
7chz,7chz_H_L_A_1.pdb,H,L,A,0.04180946352780765,14.299560666491653,25.80533157803644,0.016666666666666666,14.87514585389536
7chz,7chz_H_L_A_2.pdb,H,L,A,0.03541184516371778,14.822657906317827,26.06878886129655,0,15.113360041740602
7chz,7chz_H_L_A_3.pdb,H,L,A,0.04017421849984686,14.856917983377743,26.42519347961947,0.016666666666666666,14.84771980997234
7chz,7chz_H_L_A_4.pdb,H,L,A,0.037831231972514694,14.14168275941161,27.7631522960667,0.016666666666666666,15.227475157289758
7chz,7chz_H_L_A_5.pdb,H,L,A,0.04071844599821401,14.801603551785607,26.185830316600953,0.016666666666666666,14.981154811472704
7chz,7chz_H_L_A_6.pdb,H,L,A,0.0450913554112223,13.05748219151447,22.77620297828874,0,13.297469718289747
7chz,7chz_H_L_A_7.pdb,H,L,A,0.03559050383939017,14.619072781848521,26.030651899413847,0,14.80665677399655
7chz,7chz_H_L_A_8.pdb,H,L,A,0.09337347283681922,6.557144626581939,17.157834671578648,0.03333333333333333,8.094783738303928
7chz,7chz_H_L_A_9.pdb,H,L,A,0.06862478831121616,7.605186608017304,18.886821828050127,0,8.687072439118614
7dpm,7dpm_H_L_A_0.pdb,H,L,A,0.024932083081741153,16.53198013001247,31.81321924518199,0,20.84838920279618
7dpm,7dpm_H_L_A_1.pdb,H,L,A,0.02419295145282448,16.052683811852404,32.527168683828094,0,20.50311841327054
7dpm,7dpm_H_L_A_2.pdb,H,L,A,0.02160023617534466,16.997400916935344,34.549553622177214,0,20.902235667460804
7dpm,7dpm_H_L_A_3.pdb,H,L,A,0.021162507272549636,17.178453977234174,34.92504831550499,0,21.342468032126547
7dpm,7dpm_H_L_A_4.pdb,H,L,A,0.014863936618705073,16.51635989846213,43.72676905576485,0,15.44469617862631
7dpm,7dpm_H_L_A_5.pdb,H,L,A,0.026781191552496978,14.998394338675588,30.877800401435767,0,20.13095321751112
7dpm,7dpm_H_L_A_6.pdb,H,L,A,0.3800227960320572,2.686316602073485,12.218827524308782,0.576271186440678,4.378654742339171
7dpm,7dpm_H_L_A_7.pdb,H,L,A,0.022695322473226517,17.379621522787062,33.439308908352146,0,20.814576681436822
7dpm,7dpm_H_L_A_8.pdb,H,L,A,0.02312172550391298,11.637424865862164,35.92170616075135,0,17.312214205496225
7dpm,7dpm_H_L_A_9.pdb,H,L,A,0.024495379515354316,16.269512023548064,32.22275670158023,0,20.384877037478013
7k9k,7k9k_H_L_A_0.pdb,H,L,A,0.07953296218681517,10.864098942541592,22.8183482371807,0.09803921568627451,12.109538083508605
7k9k,7k9k_H_L_A_1.pdb,H,L,A,0.04672961975591148,14.952040299390024,30.65347534598383,0.058823529411764705,16.944751089570254
7k9k,7k9k_H_L_A_2.pdb,H,L,A,0.07155620094452599,15.272267054927497,31.503236458619106,0.13725490196078433,17.267115502696104
7k9k,7k9k_H_L_A_3.pdb,H,L,A,0.0351445819639858,14.717247452626637,26.21176387010999,0,16.121638525287064
7k9k,7k9k_H_L_A_4.pdb,H,L,A,0.02822666539175031,15.958125076348441,29.654392634204743,0,16.099109633419356
7k9k,7k9k_H_L_A_5.pdb,H,L,A,0.038599969029689485,13.554222816070771,24.989291787513462,0,15.585723467640983
7k9k,7k9k_H_L_A_6.pdb,H,L,A,0.0373311086824398,13.767086583263412,25.46305271132722,0,15.858572080372758
7k9k,7k9k_H_L_A_7.pdb,H,L,A,0.030891202642294575,16.946019467705423,27.906226094658678,0,17.356949695618827
7k9k,7k9k_H_L_A_8.pdb,H,L,A,0.03497811813853428,14.883837238968358,26.25338088793918,0,16.260542763474938
7k9k,7k9k_H_L_A_9.pdb,H,L,A,0.03028750046623965,15.190000773927062,28.591441696230635,0,16.018666547716045
7kql,7kql_H_L_A_0.pdb,H,L,A,0.07553586853625592,9.801655940601462,16.80467112275608,0,7.682528338631416
7kql,7kql_H_L_A_1.pdb,H,L,A,0.07666054841673854,9.809332034732225,16.630097340787458,0,7.60836982373971
7kql,7kql_H_L_A_2.pdb,H,L,A,0.07279902921492162,9.76501045363641,17.251326985558844,0,7.637029853899318
7kql,7kql_H_L_A_3.pdb,H,L,A,0.07597211453042434,9.887809951214397,16.717280141569674,0,7.669159173801828
7kql,7kql_H_L_A_4.pdb,H,L,A,0.07675171862960979,10.024888143686503,16.568361611578474,0,7.844911004207531
7kql,7kql_H_L_A_5.pdb,H,L,A,0.07507167762644783,9.886269920320283,16.85723195604242,0,7.72640440638992
7kql,7kql_H_L_A_6.pdb,H,L,A,0.07520580079182465,9.933500318566946,16.82542910861187,0,7.73925159448918
7kql,7kql_H_L_A_7.pdb,H,L,A,0.0763667520040776,9.975516319611483,16.63734773344304,0,7.779236208663236
7kql,7kql_H_L_A_8.pdb,H,L,A,0.07575853054772773,9.813523300310527,16.767363341103614,0,7.693321394105098
7kql,7kql_H_L_A_9.pdb,H,L,A,0.07506989913643315,9.774269372269396,16.883982610425523,0,7.59828338687647
7lr4,7lr4_H_L_A_0.pdb,H,L,A,0.8780068802814102,0.5479359709701392,1.1856218850415414,0.7708333333333334,0.7614415305520281
7lr4,7lr4_H_L_A_1.pdb,H,L,A,0.8949191220691465,0.4810547982022637,1.6063744307818029,0.8125,0.9073320878281391
7lr4,7lr4_H_L_A_2.pdb,H,L,A,0.8756146989801067,0.549164485122207,1.8798098496803608,0.7916666666666666,0.9635789804828301
7lr4,7lr4_H_L_A_3.pdb,H,L,A,0.8873643018648293,0.5942172702380135,1.633024063991997,0.8333333333333334,0.969063290253849
7lr4,7lr4_H_L_A_4.pdb,H,L,A,0.8773772405251615,0.5807885428605859,1.9499426110529052,0.8125,0.9757704877131977
7lr4,7lr4_H_L_A_5.pdb,H,L,A,0.891511397687796,0.5661912283539496,1.5968629190181252,0.8333333333333334,0.9436314368513022
7lr4,7lr4_H_L_A_6.pdb,H,L,A,0.8799235928632111,0.5628142965114276,1.9360507241029214,0.8125,0.9558171645855053
7lr4,7lr4_H_L_A_7.pdb,H,L,A,0.874956298799793,0.5404692403459983,1.9885333027984493,0.7916666666666666,0.9704461650509163
7lr4,7lr4_H_L_A_8.pdb,H,L,A,0.8900163305083262,0.5730883454909997,1.6404278979515285,0.8333333333333334,0.8523115446066706
7lr4,7lr4_H_L_A_9.pdb,H,L,A,0.8724149199759416,0.5774431530190159,1.8526909169808201,0.7916666666666666,1.047841322282785
7o52,7o52_H_L_A_0.pdb,H,L,A,0.0353799313002334,13.596236295254739,40.399772538769476,0.05172413793103448,19.310250153204436
7o52,7o52_H_L_A_1.pdb,H,L,A,0.02411078323073869,13.776960712289274,39.91784997853479,0.017241379310344827,19.8876071042159
7o52,7o52_H_L_A_2.pdb,H,L,A,0.025557425624118824,13.171815578855572,38.434820482495276,0.017241379310344827,18.70088120801195
7o52,7o52_H_L_A_3.pdb,H,L,A,0.022298999129195734,15.52860338143586,55.190975346155724,0.034482758620689655,24.81327191522802
7o52,7o52_H_L_A_4.pdb,H,L,A,0.01398958564257891,20.497280096003802,43.58366675183234,0,24.580139560821756
7o52,7o52_H_L_A_5.pdb,H,L,A,0.03284887529693436,14.90069406966931,43.49225995513037,0.05172413793103448,22.05339689425869
7o52,7o52_H_L_A_6.pdb,H,L,A,0.03263028559929817,14.117840237190723,44.62959866598123,0.05172413793103448,19.18246778365854
7o52,7o52_H_L_A_7.pdb,H,L,A,0.026092293827944105,9.328991182529785,35.902977084414,0,14.46486934441906
7o52,7o52_H_L_A_8.pdb,H,L,A,0.021110332649689173,10.843063951005188,39.36252830808596,0,17.201189809489318
7o52,7o52_H_L_A_9.pdb,H,L,A,0.019605651501803437,10.937733622204824,41.4491435807085,0,17.681209439528022
7rks,7rks_H_L_A_0.pdb,H,L,A,0.022589248010810664,15.008221732612565,34.29397015349621,0,19.619446234967402
7rks,7rks_H_L_A_1.pdb,H,L,A,0.06996568391495071,8.150043270345945,26.419824219333012,0.08333333333333333,9.832379453966501
7rks,7rks_H_L_A_2.pdb,H,L,A,0.024931278425816203,17.25652592672868,31.644661160875355,0,20.263305022607312
7rks,7rks_H_L_A_3.pdb,H,L,A,0.07395318074741113,8.751575621310929,31.388878652514,0.125,11.020768885162385
7rks,7rks_H_L_A_4.pdb,H,L,A,0.024047120695690472,18.181401098256607,32.13742701577259,0,20.925612720274998
7rks,7rks_H_L_A_5.pdb,H,L,A,0.06564565259580318,12.086918637112804,19.923131268301407,0.027777777777777776,11.804018862530086
7rks,7rks_H_L_A_6.pdb,H,L,A,0.04810701940226688,13.841991436210124,24.824629001664476,0.027777777777777776,13.572719463522414
7rks,7rks_H_L_A_7.pdb,H,L,A,0.8514170607267113,0.8878513787045305,1.896283354602282,0.8611111111111112,1.0880967074590502
7rks,7rks_H_L_A_8.pdb,H,L,A,0.6632969286878047,1.5710429044011904,3.4261926158515585,0.6527777777777778,1.860667411757715
7rks,7rks_H_L_A_9.pdb,H,L,A,0.03998370286642259,13.262754831219198,24.514522446598992,0,13.396648212195087
7sd3,7sd3_H_L_A_0.pdb,H,L,A,0.30422501054299533,3.7401651710303665,39.17949905398679,0.7291666666666666,21.610154935481926
7sd3,7sd3_H_L_A_1.pdb,H,L,A,0.3313561715478483,2.9047965958038504,35.44442725838739,0.7291666666666666,20.278294751164772
7sd3,7sd3_H_L_A_2.pdb,H,L,A,0.28869795486039324,4.109994460540047,41.52344374649526,0.7083333333333334,20.796296602703993
7sd3,7sd3_H_L_A_3.pdb,H,L,A,0.29510389711832385,4.229399137476984,39.42657577208722,0.7291666666666666,19.424639184829918
7sd3,7sd3_H_L_A_4.pdb,H,L,A,0.2901356870213539,4.493345913613601,41.12268761678834,0.7291666666666666,19.002607997830594
7sd3,7sd3_H_L_A_5.pdb,H,L,A,0.2992198956819408,3.5171359079225906,34.812157599382864,0.6875,18.39959675075921
7sd3,7sd3_H_L_A_6.pdb,H,L,A,0.3865480630390983,1.7893431755401514,33.81438761710516,0.6875,15.459431058589779
7sd3,7sd3_H_L_A_7.pdb,H,L,A,0.2856150196782995,4.1624075081154395,45.6046184722388,0.7083333333333334,22.08858973152591
7sd3,7sd3_H_L_A_8.pdb,H,L,A,0.30866130741210346,3.812727884245718,40.620266769048094,0.75,21.805784347192276
7sd3,7sd3_H_L_A_9.pdb,H,L,A,0.3465736429183673,2.4715221109277143,40.9195456254063,0.7291666666666666,19.597383516104784
7sk8,7sk8_H_L_A_0.pdb,H,L,A,0.16233586616001774,6.044270685550458,15.907841216353862,0.20689655172413793,6.0648572110721926
7sk8,7sk8_H_L_A_1.pdb,H,L,A,0.07190465072479552,11.862563052052565,23.723528123511148,0.08620689655172414,9.279701496092068
7sk8,7sk8_H_L_A_2.pdb,H,L,A,0.12928557211536082,6.143939446946834,16.440994393697515,0.1206896551724138,6.198739725732867
7sk8,7sk8_H_L_A_3.pdb,H,L,A,0.15175372917858398,6.404092804920314,12.475369759226703,0.08620689655172414,5.069248811115639
7sk8,7sk8_H_L_A_4.pdb,H,L,A,0.035265047446383625,14.471978181941864,26.20967990984859,0,10.538301404435124
7sk8,7sk8_H_L_A_5.pdb,H,L,A,0.09191224209911224,8.404959169734312,15.657374481828702,0.017241379310344827,6.140921131438769
7sk8,7sk8_H_L_A_6.pdb,H,L,A,0.19956636380201123,5.19032134282492,12.542696879161609,0.20689655172413793,4.719377261928603
7sk8,7sk8_H_L_A_7.pdb,H,L,A,0.15761768703410742,5.446887875747973,14.833634018364801,0.15517241379310345,5.60651467642144
7sk8,7sk8_H_L_A_8.pdb,H,L,A,0.09113668479342278,12.703545769897366,18.555059706207118,0.08620689655172414,8.336969818041934
7sk8,7sk8_H_L_A_9.pdb,H,L,A,0.03434889970350969,14.215764332692768,26.69780746652685,0,10.796423573817739
7ssc,7ssc_H_L_A_0.pdb,H,L,A,0.972532594988056,0.3251849271349804,0.41919442479344504,0.9649122807017544,0.6802112151767012
7ssc,7ssc_H_L_A_1.pdb,H,L,A,0.9717688098238906,0.3332202356206062,0.4320905977940678,0.9649122807017544,0.6996621763246316
7ssc,7ssc_H_L_A_2.pdb,H,L,A,0.9612339766410501,0.4173737946986362,0.825836397076907,0.9649122807017544,0.5517576603356739
7ssc,7ssc_H_L_A_3.pdb,H,L,A,0.9666690101914792,0.37808392094031223,0.6126561008031746,0.9649122807017544,1.0387157133718419
7ssc,7ssc_H_L_A_4.pdb,H,L,A,0.9632905080810552,0.40766815338796436,0.6745079496565817,0.9649122807017544,0.7898298731428313
7ssc,7ssc_H_L_A_5.pdb,H,L,A,0.9746517902412636,0.30296730030602065,0.356983598182111,0.9649122807017544,1.00765971219094
7ssc,7ssc_H_L_A_6.pdb,H,L,A,0.9722682498804431,0.33043107457841414,0.36363559506012,0.9649122807017544,0.6806203044741751
7ssc,7ssc_H_L_A_7.pdb,H,L,A,0.9616040374944169,0.3722555866303923,0.5740846351462545,0.9473684210526315,0.7158026685678252
7ssc,7ssc_H_L_A_8.pdb,H,L,A,0.9656141405309198,0.3864271548697135,0.6510945460409354,0.9649122807017544,0.8520660205950469
7ssc,7ssc_H_L_A_9.pdb,H,L,A,0.9716208796134156,0.33356166013242183,0.4607260899236386,0.9649122807017544,0.7255981771912478
7uvqa,7uvqa_H_L_A_0.pdb,H,L,A,0.038234697658484404,11.519725925641255,25.78286404910518,0,14.73246157748162
7uvqa,7uvqa_H_L_A_1.pdb,H,L,A,0.026890756967116066,16.623952287392928,30.38057243790308,0,18.747966363677648
7uvqa,7uvqa_H_L_A_2.pdb,H,L,A,0.032878220876548056,15.838612670848889,27.07039050404273,0,17.159466181196983
7uvqa,7uvqa_H_L_A_3.pdb,H,L,A,0.06870744451566556,7.782208414349587,18.761592639307285,0,10.111530226938314
7uvqa,7uvqa_H_L_A_4.pdb,H,L,A,0.058444665806285795,9.522725315702047,24.24523960358511,0.041666666666666664,14.372008480782638
7uvqa,7uvqa_H_L_A_5.pdb,H,L,A,0.039654024731458896,11.358904620961082,25.245168019214002,0,14.26957055115474
7uvqa,7uvqa_H_L_A_6.pdb,H,L,A,0.03800810737881279,11.562184221136798,25.864785067051073,0,14.669157667421853
7uvqa,7uvqa_H_L_A_7.pdb,H,L,A,0.03907879682798066,11.513959011737263,25.42272497036981,0,14.519536671888474
7uvqa,7uvqa_H_L_A_8.pdb,H,L,A,0.03848859882161488,11.335275190043381,25.750243917787255,0,14.56969325231721
7uvqa,7uvqa_H_L_A_9.pdb,H,L,A,0.03086834082222807,16.447172030719063,28.00427115660377,0,17.340070102926433
7wn8,7wn8_H_L_A_0.pdb,H,L,A,0.10310625973651899,8.46262378730492,17.76617363002551,0.09259259259259259,8.649000292890028
7wn8,7wn8_H_L_A_1.pdb,H,L,A,0.1009204882707952,10.688817062761863,23.375758444732774,0.16666666666666666,10.353612410743052
7wn8,7wn8_H_L_A_2.pdb,H,L,A,0.09706728644709432,11.460227325701169,22.365269618112467,0.14814814814814814,10.887622791386427
7wn8,7wn8_H_L_A_3.pdb,H,L,A,0.03727674396123689,9.666890450336627,27.30947925652225,0,12.169005449074046
7wn8,7wn8_H_L_A_4.pdb,H,L,A,0.05378060625193615,11.220127507207774,20.742301951333193,0,11.443302903118935
7wn8,7wn8_H_L_A_5.pdb,H,L,A,0.18209167694240128,5.616273882355285,10.695533278771359,0.09259259259259259,5.227313331451489
7wn8,7wn8_H_L_A_6.pdb,H,L,A,0.1676405692460046,5.917134652824314,12.072529532240974,0.1111111111111111,5.946153177957269
7wn8,7wn8_H_L_A_7.pdb,H,L,A,0.10295062284859897,7.109071093864244,18.54315874287892,0.09259259259259259,7.869621725560161
7wn8,7wn8_H_L_A_8.pdb,H,L,A,0.13819924824310056,7.837475220295579,15.503730056674147,0.14814814814814814,7.948040706808345
7wn8,7wn8_H_L_A_9.pdb,H,L,A,0.09707826965920108,9.85359865605941,22.970502083818747,0.14814814814814814,9.730659316809785
7x8t,7x8t_H_L_A_0.pdb,H,L,A,0.030970570830402475,13.693718791116392,28.62024940469321,0,12.335003137131707
7x8t,7x8t_H_L_A_1.pdb,H,L,A,0.032101768038461306,13.507837907323289,28.04638310483471,0,12.223435232357984
7x8t,7x8t_H_L_A_2.pdb,H,L,A,0.03205341186927741,13.60071079379455,28.042974686653977,0,12.296633224432762
7x8t,7x8t_H_L_A_3.pdb,H,L,A,0.03096525924309003,13.825366001273162,28.58071197572716,0,12.42660605640502
7x8t,7x8t_H_L_A_4.pdb,H,L,A,0.030906966230956276,13.829824007646645,28.612815149675043,0,12.392556788447404
7x8t,7x8t_H_L_A_5.pdb,H,L,A,0.091944629037164,12.75428002184021,23.347684222479785,0.14516129032258066,13.478102223494716
7x8t,7x8t_H_L_A_6.pdb,H,L,A,0.5826598214451574,2.1679010342631306,4.526484563101922,0.6451612903225806,2.2333232056399153
7x8t,7x8t_H_L_A_7.pdb,H,L,A,0.0895062613555566,10.0703485672579,21.61689002170586,0.11290322580645161,11.212913999123536
7x8t,7x8t_H_L_A_8.pdb,H,L,A,0.035705947413535326,14.208378575352029,26.06928111327886,0,14.084548973785287
7x8t,7x8t_H_L_A_9.pdb,H,L,A,0.03539914299093739,14.247796174313946,26.199203985497046,0,14.097936392952718
7yru,7yru_H_L_A_0.pdb,H,L,A,0.03313367463919855,10.521259520325799,28.927182772178977,0,11.24265217871811
7yru,7yru_H_L_A_1.pdb,H,L,A,0.031673886740957696,10.708803212580175,29.684655685373276,0,11.466441329187882
7yru,7yru_H_L_A_2.pdb,H,L,A,0.03420638890061838,10.348412803697386,28.43248670519618,0,11.1546774840673
7yru,7yru_H_L_A_3.pdb,H,L,A,0.030845169737962207,10.810538618440605,30.14607744349337,0,11.622327122117108
7yru,7yru_H_L_A_4.pdb,H,L,A,0.0777371389697268,8.531598567367132,16.83045890611883,0,6.552179449618941
7yru,7yru_H_L_A_5.pdb,H,L,A,0.03347321558220275,10.51710483161698,28.730665944158957,0,11.284856102931286
7yru,7yru_H_L_A_6.pdb,H,L,A,0.035032370526106686,10.455959598349613,27.900425299862064,0,11.071063265454283
7yru,7yru_H_L_A_7.pdb,H,L,A,0.03417859715736901,10.471537291926515,28.359491384855918,0,11.139241555389136
7yru,7yru_H_L_A_8.pdb,H,L,A,0.03299499059299241,10.477696557866093,29.042198723099904,0,11.32231417628739
7yru,7yru_H_L_A_9.pdb,H,L,A,0.0801990956475859,8.564277712408488,16.444951529431936,0,6.563567126323314
7zoz,7zoz_H_L_A_0.pdb,H,L,A,0.0479081090422361,11.774559575181863,22.21008845510001,0,12.03374344453844
7zoz,7zoz_H_L_A_1.pdb,H,L,A,0.11664541140870051,6.552788539085712,13.639211680042436,0.02040816326530612,7.01109531622877
7zoz,7zoz_H_L_A_2.pdb,H,L,A,0.11703026464776393,7.626128089315062,12.56821139612399,0,7.315362121888205
7zoz,7zoz_H_L_A_3.pdb,H,L,A,0.17285243860621555,5.436765700642885,11.691773810554768,0.10204081632653061,6.086890646201582
7zoz,7zoz_H_L_A_4.pdb,H,L,A,0.08380609205955485,11.35430271279193,21.775456663427327,0.10204081632653061,12.24090334574989
7zoz,7zoz_H_L_A_5.pdb,H,L,A,0.05062893499014951,11.561121737065024,21.48542613342285,0,11.800139025947194
7zoz,7zoz_H_L_A_6.pdb,H,L,A,0.05015814128672897,11.602622917627894,21.605231249565332,0,11.766441545300781
7zoz,7zoz_H_L_A_7.pdb,H,L,A,0.4333118591979465,3.0506201620902416,6.432549067353787,0.46938775510204084,3.258696412048218
7zoz,7zoz_H_L_A_8.pdb,H,L,A,0.455024358291471,3.163494407957198,7.393708120899426,0.6122448979591837,3.418450843667289
7zoz,7zoz_H_L_A_9.pdb,H,L,A,0.37583182024332196,3.629717973024977,8.640025367900602,0.4897959183673469,4.200183487222753
8fan,8fan_H_L_A_0.pdb,H,L,A,0.901089283599378,0.7755359232938337,1.5391737313356402,0.9459459459459459,0.9865863256971079
8fan,8fan_H_L_A_1.pdb,H,L,A,0.7867407518444273,1.1347822579610387,3.04318802542122,0.8378378378378378,1.0456231122386987
8fan,8fan_H_L_A_2.pdb,H,L,A,0.7875231911100515,1.1346037280613483,3.0087157299900418,0.8378378378378378,1.1544640320034558
8fan,8fan_H_L_A_3.pdb,H,L,A,0.817539296709895,0.9937022082093229,2.5101324252529156,0.8378378378378378,1.139725779725706
8fan,8fan_H_L_A_4.pdb,H,L,A,0.7514775509701882,1.2800709887375266,3.3579095365032847,0.8108108108108109,1.2290929550761065
8fan,8fan_H_L_A_5.pdb,H,L,A,0.35132384460473504,3.0954666299558142,8.290812396287212,0.35135135135135137,2.187260575180051
8fan,8fan_H_L_A_6.pdb,H,L,A,0.4076179241446696,2.8418197130653318,7.344773389938832,0.43243243243243246,1.959353320690565
8fan,8fan_H_L_A_7.pdb,H,L,A,0.3324717157883397,3.101028788977112,8.323226900921561,0.2972972972972973,2.080304265034324
8fan,8fan_H_L_A_8.pdb,H,L,A,0.2820046417691234,3.537899593036157,9.919820600724494,0.2702702702702703,2.261035977736125
8fan,8fan_H_L_A_9.pdb,H,L,A,0.3189399693862635,3.006696926827558,8.719372067622029,0.2702702702702703,1.9575795655399078
8gf2,8gf2_H_L_A_0.pdb,H,L,A,0.778195877425398,1.1516447777152865,2.7060456929429164,0.7974683544303798,1.4927501659244082
8gf2,8gf2_H_L_A_1.pdb,H,L,A,0.8014345521845634,0.9730512952580445,2.3617765270194746,0.7721518987341772,1.2964170965081807
8gf2,8gf2_H_L_A_2.pdb,H,L,A,0.7937709988112851,1.040121466238629,2.2620706499275074,0.7721518987341772,1.3625539889144558
8gf2,8gf2_H_L_A_3.pdb,H,L,A,0.7900414577920426,1.0545461726398546,2.779107024458857,0.7974683544303798,1.4976461805908823
8gf2,8gf2_H_L_A_4.pdb,H,L,A,0.8044236867812673,1.0421108318673096,2.5735986475276316,0.8227848101265823,1.4322933375093416
8gf2,8gf2_H_L_A_5.pdb,H,L,A,0.79655004045238,1.0409285244780433,2.3341327659790756,0.7848101265822784,1.326509383222073
8gf2,8gf2_H_L_A_6.pdb,H,L,A,0.7633206356021877,1.1364306144342184,2.9092374651596233,0.759493670886076,1.529881489146554
8gf2,8gf2_H_L_A_7.pdb,H,L,A,0.8166345201811284,0.9610337324175717,2.0808616167724168,0.7974683544303798,1.2627811118632002
8gf2,8gf2_H_L_A_8.pdb,H,L,A,0.8050295521884737,1.008188113163017,2.3534523931070006,0.7974683544303798,1.3663268956552426
8gf2,8gf2_H_L_A_9.pdb,H,L,A,0.7527778003234298,1.3335180578064956,2.9935441735767516,0.810126582278481,1.649299625622985
8ix3,8ix3_H_L_A_0.pdb,H,L,A,0.03210811444975844,12.978017400891709,28.22673160350183,0,15.892625152875437
8ix3,8ix3_H_L_A_1.pdb,H,L,A,0.03614299102016207,11.649156160190135,26.684474123995653,0,13.680273852793261
8ix3,8ix3_H_L_A_2.pdb,H,L,A,0.030692783941649305,13.389643739903391,35.79881564539396,0.02631578947368421,20.83353452038761
8ix3,8ix3_H_L_A_3.pdb,H,L,A,0.034339218133877525,10.450061098694198,28.28461446303592,0,16.52046119054118
8ix3,8ix3_H_L_A_4.pdb,H,L,A,0.019227421591118378,13.726295606365579,38.761683982527,0,15.521359128774401
8ix3,8ix3_H_L_A_5.pdb,H,L,A,0.8381547051536198,0.9730802171186885,2.5753985767024585,0.8947368421052632,1.1634233659110351
8ix3,8ix3_H_L_A_6.pdb,H,L,A,0.8537759503117157,0.9370198956730538,2.00518494915495,0.8947368421052632,1.2876131816177574
8ix3,8ix3_H_L_A_7.pdb,H,L,A,0.8792468541430383,0.9114700937544518,1.7342174032946738,0.9473684210526315,1.1938260044398814
8ix3,8ix3_H_L_A_8.pdb,H,L,A,0.8710911312437203,0.8852260431999422,1.9390503357667372,0.9210526315789473,1.1693440412380869
8ix3,8ix3_H_L_A_9.pdb,H,L,A,0.8495636305263905,0.9508180969762524,2.1362962471871656,0.8947368421052632,1.20852040102807
8j7e,8j7e_H_L_A_0.pdb,H,L,A,0.11734268532583236,6.8238255914937485,15.495274277914294,0.07462686567164178,6.8796580984891555
8j7e,8j7e_H_L_A_1.pdb,H,L,A,0.12821814567018117,7.523346734914588,16.382955035405672,0.13432835820895522,7.58435503758002
8j7e,8j7e_H_L_A_2.pdb,H,L,A,0.11470477146094815,6.962281681384164,16.47616516920354,0.08955223880597014,7.125383439769345
8j7e,8j7e_H_L_A_3.pdb,H,L,A,0.049361719293417004,15.978343986862344,28.89410225783795,0.05970149253731343,15.04156275149797
8j7e,8j7e_H_L_A_4.pdb,H,L,A,0.03806779001790405,15.978201581568872,29.719162082211117,0.029850746268656716,15.25102688499834
8j7e,8j7e_H_L_A_5.pdb,H,L,A,0.07357575845303878,9.552166802616043,18.99672263315476,0.029850746268656716,9.388484607314163
8j7e,8j7e_H_L_A_6.pdb,H,L,A,0.05732463611589031,10.998081420042089,24.310156678704036,0.04477611940298507,11.70001969320807
8j7e,8j7e_H_L_A_7.pdb,H,L,A,0.06357552402421243,13.958746942721524,24.85804547917534,0.07462686567164178,13.407365707804406
8j7e,8j7e_H_L_A_8.pdb,H,L,A,0.0668303191653599,12.911743685498097,23.86840460452175,0.07462686567164178,12.589188170342002
8j7e,8j7e_H_L_A_9.pdb,H,L,A,0.03543887714767984,16.112854073883064,31.499569668803556,0.029850746268656716,15.511461361244908
8kfa,8kfa_H_L_A_0.pdb,H,L,A,0.0020104057883428175,42.65160694937162,122.44455380611561,0,49.483266026912
8kfa,8kfa_H_L_A_1.pdb,H,L,A,0.0020403688106086434,42.46462599073969,121.44354723378031,0,48.38343867755446
8kfa,8kfa_H_L_A_2.pdb,H,L,A,0.008810804607149,24.397953435399813,55.814272692551334,0,23.046481907964854
8kfa,8kfa_H_L_A_3.pdb,H,L,A,0.004055474380402607,31.526206487849873,84.970790167388,0,36.14465321472555
8kfa,8kfa_H_L_A_4.pdb,H,L,A,0.0019731302410959935,42.516617825093064,124.0089012892608,0,47.88988619760011
8kfa,8kfa_H_L_A_5.pdb,H,L,A,0.01601538645779171,19.33269309466647,40.56409378250689,0,21.756988456544462
8kfa,8kfa_H_L_A_6.pdb,H,L,A,0.0029039333473666173,36.46501092121563,101.07445213935691,0,40.55743527625605
8kfa,8kfa_H_L_A_7.pdb,H,L,A,0.031058697829172196,16.52795733048458,39.93487307157002,0.041666666666666664,22.36590557133431
8kfa,8kfa_H_L_A_8.pdb,H,L,A,0.00309983023712287,35.66502794752081,97.55994375984201,0,40.19388081955041
8kfa,8kfa_H_L_A_9.pdb,H,L,A,0.0027454069051341414,37.58910077451492,103.91541269151635,0,39.307426536962666
8too,8too_H_L_A_0.pdb,H,L,A,0.044226449258294186,12.573058916038885,25.017097485701974,0.015151515151515152,14.12145117611159
8too,8too_H_L_A_1.pdb,H,L,A,0.04472721842977818,12.588928137599556,24.812057131515836,0.015151515151515152,13.991146652058381
8too,8too_H_L_A_2.pdb,H,L,A,0.044179955056521863,12.606307127405005,25.02607870925236,0.015151515151515152,14.018499278687724
8too,8too_H_L_A_3.pdb,H,L,A,0.04528463453932535,12.644776499462305,24.578171034984557,0.015151515151515152,13.835046241227804
8too,8too_H_L_A_4.pdb,H,L,A,0.04414868348628274,12.648865515457304,25.026258223235796,0.015151515151515152,13.97654832660993
8too,8too_H_L_A_5.pdb,H,L,A,0.05892588165727087,10.738283949845059,19.648837698873354,0,10.800138326704483
8too,8too_H_L_A_6.pdb,H,L,A,0.0449006151654305,12.720598456101827,24.706458062247282,0.015151515151515152,14.095242236546692
8too,8too_H_L_A_7.pdb,H,L,A,0.5001049663697911,2.029112692029589,6.488964426544461,0.5151515151515151,3.205442419358094
8too,8too_H_L_A_8.pdb,H,L,A,0.0879284695226666,9.57038584155571,17.3058791632838,0.045454545454545456,9.797921099211202
8too,8too_H_L_A_9.pdb,H,L,A,0.09740699822841394,9.024711591598008,17.574275092521578,0.07575757575757576,10.08124100464002
8tp4,8tp4_H_L_A_0.pdb,H,L,A,0.29998571355273757,3.9782124152396907,10.399843938768077,0.375,5.382424493098175
8tp4,8tp4_H_L_A_1.pdb,H,L,A,0.32066340856195225,3.6239260858583284,10.302478806498126,0.4107142857142857,5.1218249131750815
8tp4,8tp4_H_L_A_2.pdb,H,L,A,0.3308533983509491,3.429479883813765,9.606460358318357,0.39285714285714285,5.023901096553708
8tp4,8tp4_H_L_A_3.pdb,H,L,A,0.3348723451040463,3.505382248228004,9.265514747841882,0.39285714285714285,4.940761198533865
8tp4,8tp4_H_L_A_4.pdb,H,L,A,0.31914289391251105,3.681709592461616,10.70912792965347,0.42857142857142855,5.347900044798842
8tp4,8tp4_H_L_A_5.pdb,H,L,A,0.30091536757010107,3.960075645807987,10.756266342230468,0.39285714285714285,5.546771432663899
8tp4,8tp4_H_L_A_6.pdb,H,L,A,0.32219024481308733,3.271115811211842,10.808780150495444,0.4107142857142857,5.1351814791746015
8tp4,8tp4_H_L_A_7.pdb,H,L,A,0.2787667852798117,3.999785566542707,12.913613806186326,0.4107142857142857,5.6595864465331145
8tp4,8tp4_H_L_A_8.pdb,H,L,A,0.25715061182785576,4.264319433157471,14.697770392133311,0.4107142857142857,6.655083564564179
8tp4,8tp4_H_L_A_9.pdb,H,L,A,0.2820768483704398,4.130308535668415,13.520324398573065,0.44642857142857145,6.690939027268265
8tqk,8tqk_H_L_A_0.pdb,H,L,A,0.34894599030054785,2.675052981068579,13.825851854780804,0.5333333333333333,16.826012502281298
8tqk,8tqk_H_L_A_1.pdb,H,L,A,0.38024641016747446,2.314772280148661,14.075497347682207,0.5777777777777777,18.19584719419831
8tqk,8tqk_H_L_A_2.pdb,H,L,A,0.40413133649606814,2.409220989053539,11.450760943847072,0.5777777777777777,16.664420873047387
8tqk,8tqk_H_L_A_3.pdb,H,L,A,0.4018941334358423,2.1444113429579743,14.531725527415466,0.6222222222222222,19.479083536715205
8tqk,8tqk_H_L_A_4.pdb,H,L,A,0.01905023184452415,13.558160923587886,55.60167158401362,0.022222222222222223,28.598906148547343
8tqk,8tqk_H_L_A_5.pdb,H,L,A,0.38791364418143814,2.467688079710625,11.885473958288408,0.5555555555555556,10.47816768172852
8tqk,8tqk_H_L_A_6.pdb,H,L,A,0.41906541455845825,2.1195488978496426,12.292044021829225,0.6,15.862845543535446
8tqk,8tqk_H_L_A_7.pdb,H,L,A,0.4417077907958548,1.7093061366534372,23.899487461567677,0.7777777777777778,19.600571405251788
8tqk,8tqk_H_L_A_8.pdb,H,L,A,0.024697429429078533,10.207113661985185,35.946853594875606,0,14.146822654120637
8tqk,8tqk_H_L_A_9.pdb,H,L,A,0.006738349052037411,18.083172874677707,72.9866602836784,0,36.167811766221014
9ghi,9ghi_H_L_A_0.pdb,H,L,A,0.04495183322977719,8.978769394999404,24.4656929016082,0,15.969764879915383
9ghi,9ghi_H_L_A_1.pdb,H,L,A,0.04148324519073817,7.8460367787399,27.162985452324293,0,16.880290345274933
9ghi,9ghi_H_L_A_2.pdb,H,L,A,0.04339576451259208,8.35640678132054,25.64675615526228,0,16.078008085850925
9ghi,9ghi_H_L_A_3.pdb,H,L,A,0.04194158817150964,7.428343481486983,27.59700522300123,0,15.55258579193451
9ghi,9ghi_H_L_A_4.pdb,H,L,A,0.03653455050846136,10.525682255445075,34.778647630369306,0.03333333333333333,18.12362781740944
9ghi,9ghi_H_L_A_5.pdb,H,L,A,0.062482525224967944,8.896601734204305,22.3387346955151,0.03333333333333333,14.610371499088318
9ghi,9ghi_H_L_A_6.pdb,H,L,A,0.05913163753237146,8.314728007980216,23.86904457044725,0.03333333333333333,15.361724863968472
9ghi,9ghi_H_L_A_7.pdb,H,L,A,0.04903232123932202,8.475367483108421,23.382160112056948,0,15.17381364730946
9ghi,9ghi_H_L_A_8.pdb,H,L,A,0.0441815653591324,7.689406277348744,26.100746954961078,0,15.203402636519375
9ghi,9ghi_H_L_A_9.pdb,H,L,A,0.053835495598743434,7.821617792126146,26.59226312053146,0.03333333333333333,15.682857319805043
9h4s,9h4s_H_L_A_0.pdb,H,L,A,0.4166874393412427,3.6191128463064572,10.172230151665167,0.6923076923076923,4.031493745397005
9h4s,9h4s_H_L_A_1.pdb,H,L,A,0.030673246761792918,11.08548237461875,30.059597972736682,0,13.246686941856215
9h4s,9h4s_H_L_A_2.pdb,H,L,A,0.03545534714547694,11.065608412640644,31.200363989354063,0.019230769230769232,12.952053477688617
9h4s,9h4s_H_L_A_3.pdb,H,L,A,0.10045637906167615,12.785941327571555,34.565424370109355,0.23076923076923078,14.309589007148567
9h4s,9h4s_H_L_A_4.pdb,H,L,A,0.11992066588822532,5.340203566445882,17.523000088300936,0.09615384615384616,6.055576576182071
9h4s,9h4s_H_L_A_5.pdb,H,L,A,0.08395819982940833,9.5617804616395,26.507100778122602,0.1346153846153846,10.219471317823434
9h4s,9h4s_H_L_A_6.pdb,H,L,A,0.19836673644104005,5.425483063955939,13.193439208370316,0.23076923076923078,5.883236521065068
9h4s,9h4s_H_L_A_7.pdb,H,L,A,0.09044257682700944,6.37127221877424,20.90350187422683,0.07692307692307693,7.445922324353302
9h4s,9h4s_H_L_A_8.pdb,H,L,A,0.30915428345343493,3.073678541756437,7.800933044956247,0.19230769230769232,3.729175630478289
9h4s,9h4s_H_L_A_9.pdb,H,L,A,0.37500086996047616,2.5347337718345253,7.865540884798361,0.3269230769230769,3.3056399082609937
9o58,9o58_H_L_A_0.pdb,H,L,A,0.40385624371845114,2.612432971993155,19.450564247214295,0.8032786885245902,23.61621604393402
9o58,9o58_H_L_A_1.pdb,H,L,A,0.2920538394572069,4.240085927761016,50.80766980212831,0.7377049180327869,29.050107841298157
9o58,9o58_H_L_A_2.pdb,H,L,A,0.3709120393546413,2.686986052947773,30.54740580309945,0.8032786885245902,27.47705649670792
9o58,9o58_H_L_A_3.pdb,H,L,A,0.3620983915359182,2.503750344471274,44.44363758945383,0.7868852459016393,27.629894173498634
9o58,9o58_H_L_A_4.pdb,H,L,A,0.3046050974750634,4.195230134530698,48.355390983689176,0.7704918032786885,29.255854313941793
9o58,9o58_H_L_A_5.pdb,H,L,A,0.41620542889294465,1.8057052021433913,31.025442774555547,0.7704918032786885,19.23787598562749
9o58,9o58_H_L_A_6.pdb,H,L,A,0.44623066729301636,1.6630815870522055,21.422938728084546,0.7540983606557377,20.722000745119857
9o58,9o58_H_L_A_7.pdb,H,L,A,0.30220799007711646,4.097446877063347,45.069351590065125,0.7540983606557377,30.84254137527047
9o58,9o58_H_L_A_8.pdb,H,L,A,0.3701645663578939,2.5513090485574716,31.786629334219636,0.7868852459016393,21.2573110130847
9o58,9o58_H_L_A_9.pdb,H,L,A,0.2953527625021071,4.229597648728207,43.58941299905001,0.7377049180327869,26.06320478361909
