"","ARG_Ag","LYS_Ag","ASN_Ag","ASP_Ag","GLN_Ag","GLU_Ag","HIS_Ag","PRO_Ag","TYR_Ag","TRP_Ag","SER_Ag","THR_Ag","GLY_Ag","ALA_Ag","MET_Ag","CYS_Ag","PHE_Ag","LEU_Ag","VAL_Ag","ILE_Ag"
"ARG_Ab",0.533684588253716,0.878391425058055,0.038722276746581,-1.50610862591446,0.117342806368596,-1.22206320820958,0.64972191471347,0.229277676856661,0.0789467299790949,0.0750030188244896,-0.0386586506780228,-0.00386711980022563,-0.614524143819727,0.0042779716392436,0.724894640759121,0.691299100416442,-0.527078650863412,0.455972119099064,0.360223297352969,0.403857935814879
"LYS_Ab",1.74157483941999,0.613066466134355,0.248384128797944,-0.840699129466152,0.384067396797817,-0.907462650100798,0.595246559848384,0.215234584792703,0.697647699792165,0.839314841854032,0.311153974391403,0.368469231209063,0.208133325448436,0.205110180207305,1.61963325998637,2.87336734483346,1.56309674303477,0.975919810713144,1.11749111356616,1.59535557166233
"ASN_Ab",-0.234102332834852,-0.229934934626514,-0.361559797133543,-0.286880593993267,-0.3136628070362,0.0600471463292503,-0.099203793881806,-0.406334647845164,0.347752272313328,0.653775055780279,-0.273525129839128,0.0321680354130117,-0.359850728171557,-0.207714452745581,0.653133153314159,0.500513998708884,-0.0583984827506993,0.386265189257198,0.239350321557188,0.658954720617438
"ASP_Ab",-1.36630612757255,-1.72918899235098,0.136235591210471,1.20646685720976,0.521340843760428,1.50439141790538,-0.000301997838885301,0.365202097435933,0.40252800660108,1.03377795521293,0.226123437221179,0.52721223461268,0.498979223847039,0.698564343150222,1.34722544238293,1.91346710509019,1.01363105020186,1.12438386686188,0.945997122567721,1.34950720463926
"GLN_Ab",0.100920808705695,0.607717523931869,-0.0403298156225211,-0.00848114450145507,0.101604659783436,0.883037478977706,1.19231639322998,0.283228610767774,0.782156324659502,1.16231802962838,0.0419921705300709,-0.523734292873197,-0.548323384607472,0.208635525463585,1.7648123831825,2.04268361786345,0.71112966086442,1.56701288978763,0.844472105272798,0.656468493041947
"GLU_Ab",-1.50515192665368,-1.22091317244648,-0.192110237991456,1.37892440213029,1.27691018471826,1.67558098002555,-0.114422134009378,0.608720152595245,0.525381451584782,0.770336714457772,0.0283158686296767,0.604029674428052,-0.215892507086759,0.151120800649375,0.531400016153771,2.1565618208038,1.6304543260199,1.38808537765103,0.710977238170851,1.3086571758312
"HIS_Ab",0.617640807048225,1.03353149417149,0.212540274272306,0.253862375557672,0.584551521087135,0.139442798948854,-0.180471977894643,-0.285301995535096,0.601975197664644,0.206109384177298,0.269135656845475,0.517347406813407,0.0560378005096698,-0.170049535736656,1.06200601722374,1.89015958565861,-0.232175167965742,0.538739447601414,0.344039262854077,0.298414509725834
"PRO_Ab",0.883160306020844,0.222921697284163,0.482476092024875,0.618536007468758,0.274120097446151,0.913999417237855,0.217482329575877,0.644085125229419,-0.73741986790087,-0.624396137730145,0.508820034289067,0.5207164728784,0.0303557170842409,0.010433504133619,0.924033045912806,1.79074148019492,-1.03901416859012,-0.235674736748898,0.477559624297603,0.229208976066802
"TYR_Ab",-0.539875381597706,-0.301814353339764,-0.0909676417728598,-0.313507704326527,-0.22321034542267,-0.17553086288316,-0.670405454345387,-0.953296367947696,0.148354565497778,-0.302426741851585,-0.00834357449290283,-0.00179868070216918,-0.193614950342825,-0.317999792562046,-0.141866178841978,0.532753327079444,-0.403771029078799,-0.2836566874608,-0.277349784082284,-0.0892789327135845
"TRP_Ab",-0.300328944578973,-0.131289835816848,-0.68913158100897,0.167715282525083,-0.143480270129354,0.596062091574017,-0.186315210951414,-0.82039580345715,-0.112236466872372,-1.0228015461894,0.175735956727561,-0.0251358032823367,-0.348130520097733,-0.655637202476478,-0.250871233063974,-0.169297030443911,-0.80481995479136,-0.619897336598905,-0.252529760313524,-0.0854357988046346
"SER_Ab",-0.212813798116652,-0.199833328678233,-0.154396902289654,-0.411372156763572,-0.17659442953787,-0.509984548481725,-0.0431200197575069,-0.184574401332883,0.309246720920311,0.474264096287906,0.089718493894579,0.083918835005477,-0.0340622377045074,-0.0972442383334721,0.51499624819598,1.65316092001295,0.238989305703996,0.282892670153083,0.300928694572657,0.474530434380432
"THR_Ab",0.383235857303743,0.0399406601375995,0.109753892588708,0.10102635688418,-0.496121985022318,0.0347996570721709,-0.073020938119865,0.14532679209328,0.504950283236665,0.392338223160646,0.0941001980187708,0.25232475977534,-0.117693681010239,0.14905073259928,0.611369503978072,1.79176355895993,0.309674290718208,0.272296575355773,0.308561900193738,0.514167783066176
"GLY_Ab",0.122421536833903,0.170353614520374,-0.154887027901981,-0.273121482679492,0.0719980345050789,0.0916111342668753,-0.192497900019598,-0.12642104921264,-0.120862354463851,-0.247410748622553,-0.0116452630300676,-0.0424889506238389,-0.227451214130671,0.426432007281616,0.680676102846949,0.861614110862136,-0.107442028411016,0.307121316306188,0.24236119761214,0.154304580149721
"ALA_Ab",0.0793347655900009,0.380755661624862,0.221514784066364,0.437442403105245,0.173631614219126,0.321894953896707,0.378303602128582,-0.0639424209468888,0.372862346464236,-0.305969488657711,0.215115789161508,0.220765022792976,-0.267016142076011,0.298392333350037,0.247514293060026,2.92654690876441,-0.389311442800788,-0.168506481004755,0.257096625188015,-0.0755177042590247
"MET_Ab",0.0773746059565544,0.990449120270054,0.581634903234291,1.21333478653464,-0.420559773512276,0.24832881553836,0.543500654099825,-0.165518020047649,-0.995523906763466,-1.52145764833941,0.375057930732626,0.420792123190138,-0.515298560767912,-0.499750536912632,0.562974238970331,3.09169113671104,-2.00104034363156,-1.06711714977404,0.138718801615197,-0.438973236644635
"CYS_Ab",0.214136879847274,0.480635700773523,-1.26983628560412,0.99830334838449,1.67162414494459,1.28548182205281,1.07766405594822,-0.293276288304658,-1.39007971999976,1.18271026262902,0.0933352031697584,0.647497162707166,-0.131363722471077,-0.781486885768641,1.81011046077842,-2.69295805834289,-2.08114784130564,-2.03537759439646,0.133256291789983,-1.0085630602197
"PHE_Ab",0.0329390016338803,0.375212516771432,-0.257872705036334,0.590116241971883,0.257538526592956,0.830560335391859,-0.308160145020741,-0.0860775592274423,-0.281295089517498,-0.857368338046617,-0.0436882057350391,-0.213588695572926,-0.412722919151351,-0.511451451827235,-1.03572392251119,0.379599284090605,-0.97575425785074,-1.16809378515545,-0.680876013571053,-0.981566455404801
"LEU_Ab",0.00477801475842759,0.550715716391773,0.260434740351444,1.01197851898265,0.267562897327522,0.986035896379946,0.316107652462071,0.171070777859301,-0.0913150102418637,-0.314952535749423,0.340695817342029,0.120612008523799,0.27391607759179,-0.40876031243684,0.0513776636242523,0.829625687740819,-0.973777712968292,-1.18668213492613,-0.639402054396741,-0.60053590113959
"VAL_Ab",0.518394677017542,0.767459586530798,0.28779960676617,0.760940904199287,0.660075859034974,0.514972684806674,-0.245948201927603,0.1312990067959,0.0659855420092495,-0.722614799681447,0.144122870699286,0.377298884516393,-0.309725504437346,-0.0198865582517087,0.16228204943303,0.90873241851576,-0.949437396076147,-0.470578199468745,0.205393341977036,-0.328430197985895
"ILE_Ab",0.42236123084157,0.833092603430212,0.087676482863936,1.44812254700732,0.494478223929985,1.02358428035931,0.128017245738562,0.0391288884854173,-0.60253013482088,-0.80978653257265,0.568205703104487,-0.11751168172806,0.23418148584649,0.105973964356502,-0.288478838091174,1.32793426569855,-0.588753618687867,-0.80459798750014,-0.16612568612041,-0.686120919124051
